<beans xmlns="http://www.springframework.org/schema/beans"
	   xmlns:context="http://www.springframework.org/schema/context"
	   xmlns:mvc="http://www.springframework.org/schema/mvc" xmlns:xsi="http://www.w3.org/2001/XMLSchema-instance"
	   xmlns:aop="http://www.springframework.org/schema/aop" xmlns:task="http://www.springframework.org/schema/task"
	   xsi:schemaLocation="http://www.springframework.org/schema/beans
        http://www.springframework.org/schema/beans/spring-beans-4.1.xsd
        http://www.springframework.org/schema/context
        http://www.springframework.org/schema/context/spring-context-4.1.xsd
        http://www.springframework.org/schema/aop
        http://www.springframework.org/schema/aop/spring-aop-4.1.xsd
        http://www.springframework.org/schema/mvc
        http://www.springframework.org/schema/mvc/spring-mvc-4.1.xsd http://www.springframework.org/schema/task http://www.springframework.org/schema/task/spring-task.xsd">

	<context:property-placeholder
		location="classpath:cicada-env-default.properties,
        classpath:cicada-env-${spring.profiles.active}.properties" />

	<context:annotation-config />


	<mvc:annotation-driven />
	<mvc:resources mapping="/resources/**"
		location="classpath:/WEB-INF/classes/public/" />
	<mvc:resources mapping="/resources/**" location="/" />

	<bean id="viewResolver"
		class="org.springframework.web.servlet.view.UrlBasedViewResolver">
		<property name="viewClass"
			value="org.springframework.web.servlet.view.JstlView" />
		<property name="prefix" value="/WEB-INF/jsp/" />
		<property name="suffix" value=".jsp" />
	</bean>
	
	<context:component-scan base-package="com.cozitrip.cicada.dao" />
	<context:component-scan base-package="com.cozitrip.cicada.bank.transactions.dao" />
	<context:component-scan base-package="com.cozitrip.cicada.web" />
	<context:component-scan base-package="com.cozitrip.cicada.service" />
	<context:component-scan base-package="com.cozitrip.cicada.entity" />
	<context:component-scan base-package="com.cozitrip.cicada.forex" />
	
	<bean
		class="org.springframework.context.annotation.CommonAnnotationBeanPostProcessor" />


	<bean id="multipartResolver"
		class="org.springframework.web.multipart.commons.CommonsMultipartResolver">
		<!-- setting maximum upload size -->
		<property name="maxUploadSize" value="10000000" />
	</bean>

	<import resource="classpath:spring/spring-jpa.xml" />

	<task:scheduled-tasks scheduler="fxRateFetecherScheduler">
		<task:scheduled ref="FXFetcher" method="scheduleLoading" fixed-delay="30000" />
	</task:scheduled-tasks>

	<task:scheduler id="fxRateFetecherScheduler" />

</beans>