<?xml version="1.0" encoding="UTF-8"?>
<beans xmlns="http://www.springframework.org/schema/beans"
	xmlns:xsi="http://www.w3.org/2001/XMLSchema-instance" xmlns:tx="http://www.springframework.org/schema/tx"
	xsi:schemaLocation="
      http://www.springframework.org/schema/beans 
      http://www.springframework.org/schema/beans/spring-beans-4.1.xsd
      http://www.springframework.org/schema/tx 
      http://www.springframework.org/schema/tx/spring-tx-4.1.xsd">

	<bean class="org.springframework.orm.jpa.persistenceunit.DefaultPersistenceUnitManager"/>

	<bean id="emf"
		class="org.springframework.orm.jpa.LocalContainerEntityManagerFactoryBean">
		<property name="dataSource" ref="dataSource" />
		<property name="persistenceUnitName" value="cicadaPU" />
	</bean>

	<bean id="dataSource"
		class="org.springframework.jdbc.datasource.DriverManagerDataSource">
		<property name="driverClassName" value="com.mysql.jdbc.Driver" />
		<property name="url" value="${database.url}" />
		<property name="username" value="${database.user}" />
		<property name="password" value="${database.password}" />
	</bean>

<!--	<bean id="dataSource" class="org.springframework.jdbc.datasource.DriverManagerDataSource">-->
<!--		<property name="driverClassName" value="org.h2.Driver"/>-->
<!--		<property name="url"-->
<!--	</bean>-->

	<bean id="transactionManager" class="org.springframework.orm.jpa.JpaTransactionManager">
		<property name="entityManagerFactory" ref="emf" />
	</bean>

	<tx:annotation-driven />

	<bean id="persistenceExceptionTranslationPostProcessor"
		class="org.springframework.dao.annotation.PersistenceExceptionTranslationPostProcessor" />

</beans>
<!-- http://www.baeldung.com/2011/12/13/the-persistence-layer-with-spring-3-1-and-jpa/#javaconfig -->