<?xml version="1.0" encoding="UTF-8"?>

<configuration>
	<appender name="consoleAppender" class="ch.qos.logback.core.ConsoleAppender">
		<encoder>
			<Pattern>%date{yyyy-MM-dd HH:mm:ss.SSS,Australia/Sydney} [%thread]
				%-5level %logger{36} - %msg %n
			</Pattern>
		</encoder>
		<filter class="ch.qos.logback.classic.filter.ThresholdFilter">
			<level>DEBUG</level>
		</filter>
	</appender>

	<appender name="dailyRollingFileAppender"
		class="ch.qos.logback.core.rolling.RollingFileAppender">
		<File>log/cicada.log </File>
		<rollingPolicy class="ch.qos.logback.core.rolling.TimeBasedRollingPolicy">
			<!-- daily rollover -->
			<FileNamePattern>log/cicada.%d{yyyy-MM-dd}.log</FileNamePattern>

			<!-- keep 1 year's worth of history -->
			<maxHistory>365</maxHistory>
		</rollingPolicy>

		<encoder>
			<Pattern>%date{yyyy-MM-dd HH:mm:ss.SSS,Australia/Sydney} [%thread]
				%-5level %logger{35} - %msg %n</Pattern>
		</encoder>
	</appender>

	<!--<appender name="loggly" class="ch.qos.logback.ext.loggly.LogglyAppender"> -->
	<!--<endpointUrl>http://logs-01.loggly.com/inputs/d1ad1d1f-7c77-449f-a541-bc56bd6af230/tag/logback</endpointUrl> -->
	<!--<pattern>%d{"ISO8601", UTC} %p %t %c{0}.%M - %m%n</pattern> -->
	<!--</appender> -->
	<!-- <appender name="minuteRollingFileAppender" class="ch.qos.logback.core.rolling.RollingFileAppender"> 
		<rollingPolicy class="ch.qos.logback.core.rolling.TimeBasedRollingPolicy"> 
		rollover every minute <FileNamePattern>cicada-minute.%d{yyyy-MM-dd_HH-mm}.log</FileNamePattern> 
		keep 30 minutes' worth of history <maxHistory>30</maxHistory> </rollingPolicy> 
		<encoder> <Pattern>%-4relative [%thread] %-5level %logger{35} - %msg %n</Pattern> 
		</encoder> </appender> -->
	<logger name="org.codingpedia" additivity="false">
		<level value="DEBUG" />
		<appender-ref ref="dailyRollingFileAppender" />
		<!-- <appender-ref ref="minuteRollingFileAppender"/> -->
		<appender-ref ref="consoleAppender" />
	</logger>

	<logger name="org.springframework" level="info" />
	<logger name="org.apache" level="info" />
	<logger name="com.cozitrip.cicada.dao.JpaBaseDao" level="off" />
	<logger name="com.cozitrip.ai.quote" level="error" />
	<logger name="org.hibernate" level="error" />
	<logger name="org.apache.cxf" level="info" />
	<logger name="com.ullink.slack" level="error" />
	<logger name="com.cozitrip.cicada.api.decider.ApiServiceDecider" level="info" />
	<logger name="com.cozitrip.cicada.service.PricingService" level="error" />
	<logger name="com.cozitrip.cicada.service.CacheService" level="error" />
	<logger name="com.cozitrip.cicada.dao" level="error" />
	<logger name="com.cozitrip.cicada.util" level="error" />
	<logger name="com.cozitrip.communication" level="error" />
	<logger name="org.quartz" level="info" />
	<logger name="com.cozitrip.cicada.security.CicadaSecurityContextHolderStrategy" level="info" />
	<logger name="com.cozitrip.amadeus" level="info" />
	<logger name="com.cozitrip.payment" level="all" />
	<!-- <logger name="org.hibernate.internal" level="info" /> <logger name="org.hibernate.engine" 
		level="info" /> -->


	<root>
		<level value="info" />
		<!--<appender-ref ref="loggly" /> -->
		<appender-ref ref="consoleAppender" />
		<appender-ref ref="dailyRollingFileAppender" />
	</root>
</configuration>